District,date,min-temp,max-temp
Adilabad,2020-11-12,18.875,32.695
Adilabad,2020-05-14,26.935,38.375
Adilabad,2022-12-31,17.895,35.045
Adilabad,2022-12-30,16.94,34.275
Adilabad,2022-12-29,19.475,34.63
Adilabad,2022-12-28,21.315,34.815
Adilabad,2022-12-27,20.525,34.3
Adilabad,2022-12-26,19.435,34.46
Adilabad,2022-12-25,18.9,34.6
Adilabad,2022-12-24,15.095,34.63
Adilabad,2022-12-23,14.675,33.095
Adilabad,2022-12-22,15.125,33.355
Adilabad,2022-12-21,13.435,32.965
Adilabad,2022-12-20,13.52,32.46
Adilabad,2022-12-19,13.945,32.73
Adilabad,2022-12-18,16.275,33.975
Adilabad,2022-12-17,20.865,34.515
Adilabad,2022-12-16,20.515,34.715
Adilabad,2022-12-15,21.375,34.545
Adilabad,2022-12-14,20.915,32.935
Adilabad,2022-12-13,20.745,33.135
Adilabad,2022-12-12,20.915,32.745
Adilabad,2022-12-11,19.44,29.96
Adilabad,2022-12-10,18.415,30.315
Adilabad,2022-12-09,12,28.545
Adilabad,2022-12-08,15.2,30.5
Adilabad,2022-12-07,18.145,32.545
Adilabad,2022-12-06,17.77,32.715
Adilabad,2022-12-05,17.645,32.9
Adilabad,2022-12-04,19.415,32.645
Adilabad,2022-12-03,19.345,32.63
Adilabad,2022-12-02,17.37,32.39
Adilabad,2022-12-01,13.685,32.645
Adilabad,2022-11-30,11.5,29.2
Adilabad,2022-11-29,10.6,31
Adilabad,2022-11-28,15.73,30.955
Adilabad,2022-11-27,12.4,29.3
Adilabad,2022-11-26,12,30.2
Adilabad,2022-11-25,14.7,32
Adilabad,2022-11-24,16.68,33.45
Adilabad,2022-11-22,16.805,29.135
Adilabad,2022-11-21,11.7,27.2
Adilabad,2022-11-20,11.17,30.62
Adilabad,2022-11-17,14.8,31.7
Adilabad,2022-11-16,11.8,33.2
Adilabad,2022-11-15,16.6,29.2
Adilabad,2022-11-14,16.6,32.59
Adilabad,2022-11-13,17.24,32.22
Adilabad,2022-11-12,18.5,28.9
Adilabad,2022-11-11,17.175,32.58
Adilabad,2022-11-09,17.08,36.3
Adilabad,2022-11-07,16.7,33.9
Adilabad,2022-11-06,19.09,34.7
Adilabad,2022-11-04,15.4,30.3
Adilabad,2022-11-03,14.1,29.7
Adilabad,2022-11-02,21.1,33.62
Adilabad,2022-11-01,16.7,30.1
Adilabad,2022-10-31,17.98,33.165
Adilabad,2022-10-30,19,36.245
Adilabad,2022-10-29,17.2,34.345
Adilabad,2022-10-28,19.045,34.275
Adilabad,2022-10-27,19,36.9
Adilabad,2022-10-26,19.045,36.045
Adilabad,2022-10-25,17.98,34.39
Adilabad,2022-10-24,19.375,34.815
Adilabad,2022-10-23,19.83,34.245
Adilabad,2022-10-22,21.1,34.045
Adilabad,2022-10-21,23.43,34.245
Adilabad,2022-10-20,23.8,34.13
Adilabad,2022-10-19,23.52,34.045
Adilabad,2022-10-18,24.33,34.545
Adilabad,2022-10-17,23.8,33.745
Adilabad,2022-10-16,24.3,33.82
Adilabad,2022-10-15,24.015,33.73
Adilabad,2022-10-14,24.3,34.245
Adilabad,2022-10-13,23.6,32.9
Adilabad,2022-10-12,23.715,34.445
Adilabad,2022-10-11,26.6,36.045
Adilabad,2022-10-10,24.53,34.715
Adilabad,2022-10-09,24.7,35.945
Adilabad,2022-10-08,24.8,32.32
Adilabad,2022-10-07,24.515,35.945
Adilabad,2022-10-06,24.8,36.4
Adilabad,2022-10-05,26.5,34.275
Adilabad,2022-10-04,24.7,36.445
Adilabad,2022-10-03,24.515,37.145
Adilabad,2022-10-02,22.315,36.86
Adilabad,2022-10-01,24.43,36.815
Adilabad,2022-09-30,24.115,33.86
Adilabad,2022-09-29,25,34.685
Adilabad,2022-09-28,24.3,36.745
Adilabad,2022-09-27,26.7,34.545
Adilabad,2022-09-26,24.53,36.315
Adilabad,2022-09-25,24,34.345
Adilabad,2022-09-24,23.2,34.315
Adilabad,2022-09-23,25.845,33.745
Adilabad,2022-09-22,26.105,32.49
Adilabad,2022-09-21,26.4,33.715
Adilabad,2022-09-20,24.96,36.145
Adilabad,2022-09-19,24.8,34.92
Adilabad,2022-09-18,24.2,34.205
Adilabad,2022-09-17,24.3,34.045
Adilabad,2022-09-16,26,34.345
Adilabad,2022-09-15,26.7,34.145
Adilabad,2022-09-14,26,33.8
Adilabad,2022-09-13,24.635,28.345
Adilabad,2022-09-12,24.7,29.345
Adilabad,2022-09-11,24.9,34.545
Adilabad,2022-09-10,24.715,34.6
Adilabad,2022-09-09,26.815,34.045
Adilabad,2022-09-08,26.9,34.145
Adilabad,2022-09-07,26.9,37.045
Adilabad,2022-09-06,24.93,33.905
Adilabad,2022-09-05,23.89,30.4
Adilabad,2022-09-04,24.8,38.49
Adilabad,2022-09-03,25.81,36.945
Adilabad,2022-09-02,26.83,37.145
Adilabad,2022-09-01,26.3,35.45
Adilabad,2022-08-31,26.1,34.075
Adilabad,2022-08-30,25.1,35.725
Adilabad,2022-08-29,25.86,36.7
Adilabad,2022-08-28,25.4,35.7
Adilabad,2022-08-27,26.105,34.8
Adilabad,2022-08-26,25.1,34.545
Adilabad,2022-08-25,25.1,36.63
Adilabad,2022-08-24,25.8,34.63
Adilabad,2022-08-23,24.135,34.245
Adilabad,2022-08-22,26.775,33.135
Adilabad,2022-08-21,25.2,33.42
Adilabad,2022-08-20,25.815,33.105
Adilabad,2022-08-19,25.75,34.515
Adilabad,2022-08-18,25.7,34.715
Adilabad,2022-08-17,25.33,33.645
Adilabad,2022-08-16,23.89,28.575
Adilabad,2022-08-15,23.3,30.26
Adilabad,2022-08-14,25.1,33.445
Adilabad,2022-08-13,25.245,34.645
Adilabad,2022-08-12,24.5,32.5
Adilabad,2022-08-11,24.5,30.985
Adilabad,2022-08-10,23.815,30.2
Adilabad,2022-08-09,24,28
Adilabad,2022-08-08,23.6,32.305
Adilabad,2022-08-07,25.03,34.3
Adilabad,2022-08-06,25.9,34.73
Adilabad,2022-08-05,24.695,33.645
Adilabad,2022-08-04,25.93,36.045
Adilabad,2022-08-03,26.63,34.935
Adilabad,2022-08-02,26.145,35.025
Adilabad,2022-08-01,27.11,34.565
Adilabad,2022-07-31,25.935,33.875
Adilabad,2022-07-30,25.665,32.56
Adilabad,2022-07-29,24.96,33.945
Adilabad,2022-07-28,25.215,34.16
Adilabad,2022-07-27,24.115,28.02
Adilabad,2022-07-26,24.19,32.29
Adilabad,2022-07-25,24.71,30.075
Adilabad,2022-07-24,24.39,27.945
Adilabad,2022-07-23,24.075,32.23
Adilabad,2022-07-22,25.3,30.53
Adilabad,2022-07-21,25.345,32.12
Adilabad,2022-07-20,25.605,33.02
Adilabad,2022-07-19,24.83,29.945
Adilabad,2022-07-18,24.965,30.175
Adilabad,2022-07-17,26.165,34.815
Adilabad,2022-07-16,25.42,32.53
Adilabad,2022-07-15,24.18,27.93
Adilabad,2022-07-14,23.16,27.93
Adilabad,2022-07-13,23.42,26.395
Adilabad,2022-07-12,23.675,27.745
Adilabad,2022-07-11,23.63,28.41
Adilabad,2022-07-10,23.975,27.445
Adilabad,2022-07-09,24.99,28.365
Adilabad,2022-07-08,24.52,32.79
Adilabad,2022-07-07,25.3,32.715
Adilabad,2022-07-06,25.16,32.215
Adilabad,2022-07-05,24.635,30.045
Adilabad,2022-07-04,24.205,33
Adilabad,2022-07-03,25.305,34.795
Adilabad,2022-07-02,26.105,34.845
Adilabad,2022-07-01,24.86,36.165
Adilabad,2022-06-30,26.645,36.55
Adilabad,2022-06-29,27.515,35.02
Adilabad,2022-06-28,26.505,35.14
Adilabad,2022-06-27,26.76,33.125
Adilabad,2022-06-26,25.815,33.275
Adilabad,2022-06-25,24.545,33.99
Adilabad,2022-06-24,25.62,37.8
Adilabad,2022-06-23,26.39,35.805
Adilabad,2022-06-22,24.505,33.545
Adilabad,2022-06-21,25.575,37.075
Adilabad,2022-06-20,27.005,35.165
Adilabad,2022-06-19,27.245,39.015
Adilabad,2022-06-18,27.03,36.83
Adilabad,2022-06-17,25.4,36.575
Adilabad,2022-06-16,25.73,37.55
Adilabad,2022-06-15,27.89,37.795
Adilabad,2022-06-14,27.295,40.145
Adilabad,2022-06-13,27.675,36.605
Adilabad,2022-06-12,25.81,41.73
Adilabad,2022-06-11,29.05,42.96
Adilabad,2022-06-10,30.33,42.215
Adilabad,2022-06-09,29.09,44.945
Adilabad,2022-06-08,32.515,44.845
Adilabad,2022-06-07,32.1,43.235
Adilabad,2022-06-06,32.16,38.6
Adilabad,2022-06-05,32.375,40.845
Adilabad,2022-06-04,33.76,45.015
Adilabad,2022-06-03,33.345,45.315
Adilabad,2022-06-02,30.475,43.2
Adilabad,2022-06-01,31.62,42.5
Adilabad,2022-05-31,32.415,43.615
Adilabad,2022-05-30,31.815,43.445
Adilabad,2022-05-29,30.6,41.99
Adilabad,2022-05-28,29.19,41.335
Adilabad,2022-05-27,25.195,42.23
Adilabad,2022-05-26,27.56,41.845
Adilabad,2022-05-25,29.005,42.475
Adilabad,2022-05-24,30.975,42.075
Adilabad,2022-05-23,30.305,42.065
Adilabad,2022-05-22,29.96,42.715
Adilabad,2022-05-21,29.99,41.145
Adilabad,2022-05-20,29.875,40.03
Adilabad,2022-05-19,28.265,41.39
Adilabad,2022-05-18,32.13,42.715
Adilabad,2022-05-17,30.26,40.05
Adilabad,2022-05-16,29.485,44.945
Adilabad,2022-05-15,32.13,45.33
Adilabad,2022-05-14,31.66,41.89
Adilabad,2022-05-13,27.925,42.7
Adilabad,2022-05-12,31.545,42.4
Adilabad,2022-05-11,30.62,43.915
Adilabad,2022-05-10,27.95,43.66
Adilabad,2022-05-09,28.88,42.73
Adilabad,2022-05-08,28.395,43.815
Adilabad,2022-05-07,29.045,44.475
Adilabad,2022-05-06,29.53,43.23
Adilabad,2022-05-05,29.78,41.545
Adilabad,2022-05-04,26.78,44.115
Adilabad,2022-05-03,31.715,44.415
Adilabad,2022-05-02,30.21,45.33
Adilabad,2022-05-01,30.5,45.46
Adilabad,2022-04-30,26.3,45.315
Adilabad,2022-04-29,29.43,44.76
Adilabad,2022-04-28,29.66,45.615
Adilabad,2022-04-27,29.005,44.305
Adilabad,2022-04-26,30.16,44.615
Adilabad,2022-04-25,25.09,39.215
Adilabad,2022-04-24,25.36,42.045
Adilabad,2022-04-23,28.775,38.5
Adilabad,2022-04-22,28.76,44.39
Adilabad,2022-04-21,28.56,44.02
Adilabad,2022-04-20,27.77,44.415
Adilabad,2022-04-19,29.845,43.845
Adilabad,2022-04-18,29.45,43.645
Adilabad,2022-04-17,26.59,43.715
Adilabad,2022-04-16,28.975,42.775
Adilabad,2022-04-15,29.135,42.06
Adilabad,2022-04-14,29.315,42.405
Adilabad,2022-04-13,29.79,43.43
Adilabad,2022-04-12,29.23,42.7
Adilabad,2022-04-11,28.7,42.26
Adilabad,2022-04-10,28.615,40.845
Adilabad,2022-04-09,28.145,39.69
Adilabad,2022-04-08,28.06,42.645
Adilabad,2022-04-07,27.63,40.945
Adilabad,2022-04-06,27.46,42.1
Adilabad,2022-04-05,28.115,42.745
Adilabad,2022-04-04,28.215,41.86
Adilabad,2022-04-03,26.9,43.2
Adilabad,2022-04-02,26.6,43.73
Adilabad,2022-04-01,22.045,43.715
Adilabad,2022-03-31,22.45,43.8
Adilabad,2022-03-30,23.72,43.215
Adilabad,2022-03-29,23.215,42.32
Adilabad,2022-03-28,23.3,42.13
Adilabad,2022-03-27,24.495,39.415
Adilabad,2022-03-26,28.3,40.315
Adilabad,2022-03-25,27.03,39.66
Adilabad,2022-03-24,24.705,41.56
Adilabad,2022-03-23,21.43,41.3
Adilabad,2022-03-22,23.315,40.76
Adilabad,2022-03-21,23.315,39.6
Adilabad,2022-03-20,26.81,39.83
Adilabad,2022-03-19,26.145,41.63
Adilabad,2022-03-18,22.215,42.715
Adilabad,2022-03-17,20.72,42.015
Adilabad,2022-03-16,21.43,40.845
Adilabad,2022-03-15,19.335,39.78
Adilabad,2022-03-14,18.955,38.815
Adilabad,2022-03-13,20.16,37.075
Adilabad,2022-03-12,23.73,37.66
Adilabad,2022-03-11,20.34,37.315
Adilabad,2022-03-10,21.215,37.35
Adilabad,2022-03-09,20.415,37.99
Adilabad,2022-03-08,19.335,37.205
Adilabad,2022-03-07,19.96,37.1
Adilabad,2022-03-06,20.58,36.66
Adilabad,2022-03-05,20.295,37.32
Adilabad,2022-03-04,19.505,37.945
Adilabad,2022-03-03,20.355,36.875
Adilabad,2022-03-02,19.575,37.8
Adilabad,2022-03-01,20.18,37.415
Adilabad,2022-02-28,12.3,38.7
Adilabad,2022-02-27,11.9,38
Adilabad,2022-02-26,11.4,38.3
Adilabad,2022-02-25,12.2,38.2
Adilabad,2022-02-24,13.2,37.4
Adilabad,2022-02-23,11.5,38.7
Adilabad,2022-02-22,10.2,39.2
Adilabad,2022-02-21,10,37.2
Adilabad,2022-02-20,13.6,37.2
Adilabad,2022-02-19,12.5,36.5
Adilabad,2022-02-18,15.5,36.1
Adilabad,2022-02-17,13.5,36.4
Adilabad,2022-02-16,14.3,35.1
Adilabad,2022-02-15,11.7,36.3
Adilabad,2022-02-14,8.8,36.4
Adilabad,2022-02-13,7.3,36.2
Adilabad,2022-02-12,8,36.5
Adilabad,2022-02-11,11.7,34.7
Adilabad,2022-02-10,14.2,34.6
Adilabad,2022-02-09,15.4,36.5
Adilabad,2022-02-08,12.7,36.3
Adilabad,2022-02-07,9.7,36.9
Adilabad,2022-02-06,6.7,35.8
Adilabad,2022-02-05,6,34.5
Adilabad,2022-02-04,11.3,36.1
Adilabad,2022-02-03,11.1,36.6
Adilabad,2022-02-02,8.6,36.5
Adilabad,2022-02-01,8.7,36.8
Adilabad,2022-01-31,10.89,32.93
Adilabad,2022-01-30,9.305,30.475
Adilabad,2022-01-29,9.36,27.915
Adilabad,2022-01-28,12.09,28.275
Adilabad,2022-01-27,12.86,28.565
Adilabad,2022-01-26,13,28.205
Adilabad,2022-01-25,13.9,27.175
Adilabad,2022-01-24,15.035,30.945
Adilabad,2022-01-23,18.845,32.995
Adilabad,2022-01-22,15.79,32.3
Adilabad,2022-01-21,16.71,33.13
Adilabad,2022-01-20,13.825,31.6
Adilabad,2022-01-19,15.33,31.96
Adilabad,2022-01-18,15.53,31.775
Adilabad,2022-01-17,16.16,28.815
Adilabad,2022-01-16,16.59,22.78
Adilabad,2022-01-15,17.905,30.48
Adilabad,2022-01-14,19.015,27.265
Adilabad,2022-01-13,16.545,22.445
Adilabad,2022-01-12,18.975,25.805
Adilabad,2022-01-11,19.62,26.7
Adilabad,2022-01-10,19.375,31.33
Adilabad,2022-01-09,20.775,32.13
Adilabad,2022-01-08,16.52,32.2
Adilabad,2022-01-07,15.59,32.56
Adilabad,2022-01-06,16.3,32.19
Adilabad,2022-01-05,13.46,31.19
Adilabad,2022-01-04,14.535,30.275
Adilabad,2022-01-03,15.46,32.445
Adilabad,2022-01-02,16.23,31.765
Adilabad,2022-01-01,16.275,27.44
Adilabad,2021-12-31,17.55,26.365
Adilabad,2021-12-30,17.165,29.775
Adilabad,2021-12-29,18.095,32.275
Adilabad,2021-12-28,18.935,32.55
Adilabad,2021-12-27,17.615,32.76
Adilabad,2021-12-26,15.94,32.875
Adilabad,2021-12-25,16.2,33.12
Adilabad,2021-12-24,13.64,32.565
Adilabad,2021-12-23,11.02,32.02
Adilabad,2021-12-22,9.075,29.2
Adilabad,2021-12-21,8.015,27.435
Adilabad,2021-12-20,11.55,28.43
Adilabad,2021-12-19,14.465,30.53
Adilabad,2021-12-18,13.215,31.205
Adilabad,2021-12-17,13.185,30.205
Adilabad,2021-12-16,13.17,30.425
Adilabad,2021-12-15,14.525,31.105
Adilabad,2021-12-14,15.79,31.79
Adilabad,2021-12-13,15.265,31.035
Adilabad,2021-12-12,16.715,31.48
Adilabad,2021-12-11,16.85,32.7
Adilabad,2021-12-10,17.82,32.73
Adilabad,2021-12-09,19.99,32.515
Adilabad,2021-12-08,18.83,33.075
Adilabad,2021-12-07,18.6,33.02
Adilabad,2021-12-06,17.535,32.39
Adilabad,2021-12-05,17.75,31.255
Adilabad,2021-12-04,17.93,31.31
Adilabad,2021-12-03,19.3,31.705
Adilabad,2021-12-02,16.015,31.56
Adilabad,2021-12-01,17.375,30.325
Adilabad,2021-11-30,17.645,30.005
Adilabad,2021-11-29,18.19,30.91
Adilabad,2021-11-28,16.05,32.59
Adilabad,2021-11-27,18.76,33.15
Adilabad,2021-11-26,19.405,33.41
Adilabad,2021-11-25,20.29,35.03
Adilabad,2021-11-24,21.945,33.11
Adilabad,2021-11-23,24.415,33.675
Adilabad,2021-11-22,23.85,35.03
Adilabad,2021-11-21,23.005,33.09
Adilabad,2021-11-20,23.4,33.98
Adilabad,2021-11-19,21.53,33.105
Adilabad,2021-11-18,22.93,32.88
Adilabad,2021-11-17,23.06,33.36
Adilabad,2021-11-16,23.33,33.06
Adilabad,2021-11-15,23.215,31.56
Adilabad,2021-11-14,24.205,32.9
Adilabad,2021-11-13,22.555,32.88
Adilabad,2021-11-12,20.515,32.815
Adilabad,2021-11-11,17.235,32.355
Adilabad,2021-11-10,15.445,33.09
Adilabad,2021-11-09,15.575,32.78
Adilabad,2021-11-08,16.24,34.145
Adilabad,2021-11-07,18.005,33.255
Adilabad,2021-11-06,19.375,33.955
Adilabad,2021-11-05,21.505,34.055
Adilabad,2021-11-04,21.935,34
Adilabad,2021-11-03,20.85,34.22
Adilabad,2021-11-02,18.515,32.885
Adilabad,2021-11-01,15.23,32.65
Adilabad,2021-10-31,18.9,32.675
Adilabad,2021-10-30,20.1,32.215
Adilabad,2021-10-29,18.715,33.2
Adilabad,2021-10-28,18.6,33.1
Adilabad,2021-10-27,18.045,33.8
Adilabad,2021-10-26,17.42,34.3
Adilabad,2021-10-25,18.46,34.3
Adilabad,2021-10-24,18.19,34.3
Adilabad,2021-10-23,16.945,35
Adilabad,2021-10-22,17.6,34.8
Adilabad,2021-10-21,20.095,33.34
Adilabad,2021-10-20,20.405,33.435
Adilabad,2021-10-19,23.57,33.315
Adilabad,2021-10-18,24.615,31.415
Adilabad,2021-10-17,24.145,30.43
Adilabad,2021-10-16,23.49,33.905
Adilabad,2021-10-15,21.345,35.015
Adilabad,2021-10-14,22.26,35.145
Adilabad,2021-10-13,20.61,34.515
Adilabad,2021-10-12,20.36,34.515
Adilabad,2021-10-11,22.275,35.475
Adilabad,2021-10-10,24.37,33.03
Adilabad,2021-10-09,25.84,35.93
Adilabad,2021-10-08,24.715,34.8
Adilabad,2021-10-07,24.73,34.15
Adilabad,2021-10-06,25.305,34.51
Adilabad,2021-10-05,24.86,34.175
Adilabad,2021-10-04,25.015,35.115
Adilabad,2021-10-03,24.74,31.745
Adilabad,2021-10-02,24.625,35.4
Adilabad,2021-10-01,24.535,34.775
Adilabad,2021-09-30,23.7,34.53
Adilabad,2021-09-29,23.875,29.93
Adilabad,2021-09-28,22.9,31.445
Adilabad,2021-09-27,25.39,33.56
Adilabad,2021-09-26,25.125,34.1
Adilabad,2021-09-25,24.845,34.805
Adilabad,2021-09-24,24.795,32.575
Adilabad,2021-09-23,23.745,32.415
Adilabad,2021-09-22,24.445,29.8
Adilabad,2021-09-21,24.115,30.975
Adilabad,2021-09-20,25.43,33.815
Adilabad,2021-09-19,24.33,34.16
Adilabad,2021-09-18,25.19,31.005
Adilabad,2021-09-17,24.86,34.215
Adilabad,2021-09-16,24.745,33.675
Adilabad,2021-09-15,26.075,32.06
Adilabad,2021-09-14,25.575,34.39
Adilabad,2021-09-13,25.43,34.715
Adilabad,2021-09-12,25.23,33.39
Adilabad,2021-09-11,24.115,34.045
Adilabad,2021-09-10,25.19,33.815
Adilabad,2021-09-09,25.4,33.02
Adilabad,2021-09-08,24.06,30.8
Adilabad,2021-09-07,23.915,32.73
Adilabad,2021-09-06,25.305,33.33
Adilabad,2021-09-05,24.63,33.52
Adilabad,2021-09-04,23.465,33.5
Adilabad,2021-09-03,25.5,32.8
Adilabad,2021-09-02,25.755,33.405
Adilabad,2021-09-01,24.8,31.315
Adilabad,2021-08-31,25.34,32.73
Adilabad,2021-08-30,25.81,31.33
Adilabad,2021-08-29,24.97,33.39
Adilabad,2021-08-28,25.38,34.535
Adilabad,2021-08-27,24.415,34.045
Adilabad,2021-08-26,24.93,34.035
Adilabad,2021-08-25,24.775,34.035
Adilabad,2021-08-24,24.5,34.49
Adilabad,2021-08-23,25.345,34.105
Adilabad,2021-08-22,25.06,32.805
Adilabad,2021-08-21,24.49,30.83
Adilabad,2021-08-20,24.83,30.3
Adilabad,2021-08-19,24.63,30.36
Adilabad,2021-08-18,24.445,29.46
Adilabad,2021-08-17,24.145,32.59
Adilabad,2021-08-16,25.4,35.545
Adilabad,2021-08-15,25.415,34.33
Adilabad,2021-08-14,25.675,34.5
Adilabad,2021-08-13,26.63,34.46
Adilabad,2021-08-12,25.54,34.715
Adilabad,2021-08-11,26.34,34.05
Adilabad,2021-08-10,26.925,35.59
Adilabad,2021-08-09,25.28,34.29
Adilabad,2021-08-08,26.015,34.025
Adilabad,2021-08-07,24.76,32.36
Adilabad,2021-08-06,25.96,32.53
Adilabad,2021-08-05,25.315,33.645
Adilabad,2021-08-04,25.315,32.575
Adilabad,2021-08-03,24.445,32.445
Adilabad,2021-08-02,25.115,31.63
Adilabad,2021-08-01,25.49,32.145
Adilabad,2021-07-31,25.93,30.96
Adilabad,2021-07-30,25.83,30.96
Adilabad,2021-07-29,26,34.015
Adilabad,2021-07-28,25.69,34.23
Adilabad,2021-07-27,26.06,34.42
Adilabad,2021-07-26,24.86,34.315
Adilabad,2021-07-25,24.53,33.6
Adilabad,2021-07-24,23.865,28.345
Adilabad,2021-07-23,24.715,28.9
Adilabad,2021-07-22,24.76,28.315
Adilabad,2021-07-21,24.245,32.745
Adilabad,2021-07-20,26.075,34.645
Adilabad,2021-07-19,25.045,35.245
Adilabad,2021-07-18,26.945,33.32
Adilabad,2021-07-17,25.975,33.075
Adilabad,2021-07-16,26,32.6
Adilabad,2021-07-15,25.76,30.36
Adilabad,2021-07-14,25.4,32.275
Adilabad,2021-07-13,25.715,33.645
Adilabad,2021-07-12,25.3,34.215
Adilabad,2021-07-11,24.66,35.115
Adilabad,2021-07-10,25.775,30.715
Adilabad,2021-07-09,23.665,29.2
Adilabad,2021-07-08,24.9,36.945
Adilabad,2021-07-07,26.545,36.16
Adilabad,2021-07-06,27.415,36.195
Adilabad,2021-07-05,27.915,37.33
Adilabad,2021-07-04,26.36,36.745
Adilabad,2021-07-03,27.3,33.93
Adilabad,2021-07-02,24.425,35.245
Adilabad,2021-07-01,26.13,36.32
Adilabad,2021-06-30,27.615,36.515
Adilabad,2021-06-29,26.545,34.315
Adilabad,2021-06-28,24.33,35.83
Adilabad,2021-06-27,25.315,35.83
Adilabad,2021-06-26,26.115,32.98
Adilabad,2021-06-25,25.315,33.26
Adilabad,2021-06-24,25.49,32.76
Adilabad,2021-06-23,25.16,36.415
Adilabad,2021-06-22,27.645,36.945
Adilabad,2021-06-21,26.245,36.2
Adilabad,2021-06-20,26.015,34.73
Adilabad,2021-06-19,26.46,34.945
Adilabad,2021-06-18,24.515,32.545
Adilabad,2021-06-17,25.915,35.015
Adilabad,2021-06-16,25.4,36.715
Adilabad,2021-06-15,23.76,35.115
Adilabad,2021-06-14,23.3,35.315
Adilabad,2021-06-13,25,31.26
Adilabad,2021-06-12,22.775,31.475
Adilabad,2021-06-11,23.82,34.315
Adilabad,2021-06-10,26.505,35.305
Adilabad,2021-06-09,25.845,37.1
Adilabad,2021-06-08,27.435,36.16
Adilabad,2021-06-07,26.475,37.235
Adilabad,2021-06-06,25.815,35.475
Adilabad,2021-06-05,24.1,33.52
Adilabad,2021-06-04,27.73,35.875
Adilabad,2021-06-03,25.515,34.43
Adilabad,2021-06-02,24.115,39.4
Adilabad,2021-06-01,28.5,40.115
Adilabad,2021-05-31,29.015,37.23
Adilabad,2021-05-30,28.76,42.83
Adilabad,2021-05-29,29.715,40.6
Adilabad,2021-05-28,30.23,41.805
Adilabad,2021-05-27,31.5,41.9
Adilabad,2021-05-26,30.075,40.2
Adilabad,2021-05-25,28.505,41.93
Adilabad,2021-05-24,30.315,39.83
Adilabad,2021-05-23,31.49,41.4
Adilabad,2021-05-22,28.275,40.8
Adilabad,2021-05-21,26.745,38.3
Adilabad,2021-05-20,29.9,39.8
Adilabad,2021-05-19,30.9,39.345
Adilabad,2021-05-18,29.975,38.275
Adilabad,2021-05-17,27.83,36.76
Adilabad,2021-05-16,29.65,39.125
Adilabad,2021-05-15,29,41.3
Adilabad,2021-05-14,29.925,41.9
Adilabad,2021-05-13,29.85,42.425
Adilabad,2021-05-12,27.625,42.4
Adilabad,2021-05-11,28.525,38.15
Adilabad,2021-05-10,27.35,37.225
Adilabad,2021-05-09,27.35,39.225
Adilabad,2021-05-08,27.3,37.55
Adilabad,2021-05-07,28.525,39.85
Adilabad,2021-05-06,28.6,39.6
Adilabad,2021-05-05,29.25,40.025
Adilabad,2021-05-04,25.525,39.625
Adilabad,2021-05-03,25.225,36.375
Adilabad,2021-05-02,24.55,40.725
Adilabad,2021-05-01,27.825,40.925
Adilabad,2021-04-30,28.945,42.6
Adilabad,2021-04-29,27.09,42.2
Adilabad,2021-04-28,28.705,41.66
Adilabad,2021-04-27,26.315,41.315
Adilabad,2021-04-26,29.815,42.415
Adilabad,2021-04-25,26.735,41.06
Adilabad,2021-04-24,24.705,40.1
Adilabad,2021-04-23,24.89,40.145
Adilabad,2021-04-22,25.515,40.23
Adilabad,2021-04-21,28.845,42.215
Adilabad,2021-04-20,26.96,41.9
Adilabad,2021-04-19,28.535,41.605
Adilabad,2021-04-18,23.945,40.83
Adilabad,2021-04-17,25.905,39.305
Adilabad,2021-04-16,21.635,37.645
Adilabad,2021-04-15,22.33,37.605
Adilabad,2021-04-14,25.775,38.245
Adilabad,2021-04-13,25.245,38.49
Adilabad,2021-04-12,22.915,33.675
Adilabad,2021-04-11,23.1,40
Adilabad,2021-04-10,27.945,40.015
Adilabad,2021-04-09,29.015,40.415
Adilabad,2021-04-08,27.36,41.515
Adilabad,2021-04-07,27.515,41.73
Adilabad,2021-04-06,24.49,41.6
Adilabad,2021-04-05,25.03,40.73
Adilabad,2021-04-04,24.16,41.56
Adilabad,2021-04-03,23.615,41.5
Adilabad,2021-04-02,26.2,41.1
Adilabad,2021-04-01,27.015,41.73
Adilabad,2020-12-31,15.665,31.92
Adilabad,2020-12-30,15.49,32.4
Adilabad,2020-12-29,16.53,33.03
Adilabad,2020-12-28,16.615,32.375
Adilabad,2020-12-27,14.165,31.6
Adilabad,2020-12-26,14.3,30.8
Adilabad,2020-12-25,12.98,30.43
Adilabad,2020-12-24,12.95,30.615
Adilabad,2020-12-23,11.9,30.015
Adilabad,2020-12-22,11.425,30.16
Adilabad,2020-12-21,12.005,29.615
Adilabad,2020-12-20,13.84,29.715
Adilabad,2020-12-19,15.63,31.36
Adilabad,2020-12-18,17.405,31.415
Adilabad,2020-12-17,17.68,32.39
Adilabad,2020-12-16,18.33,31.375
Adilabad,2020-12-15,19.215,30.245
Adilabad,2020-12-14,20.175,30.315
Adilabad,2020-12-13,18.2,31.015
Adilabad,2020-12-12,17.26,32.415
Adilabad,2020-12-11,17.33,32.915
Adilabad,2020-12-10,16.96,32.875
Adilabad,2020-12-09,16.445,32.86
Adilabad,2020-12-08,16.7,32.73
Adilabad,2020-12-07,15.44,32.46
Adilabad,2020-12-06,14.96,32.3
Adilabad,2020-12-05,14.565,32.115
Adilabad,2020-12-04,15.19,32.045
Adilabad,2020-12-03,15.105,30.845
Adilabad,2020-12-02,16.615,33.32
Adilabad,2020-12-01,17.96,33.03
Adilabad,2020-11-30,20.57,32.945
Adilabad,2020-11-29,21.53,30.72
Adilabad,2020-11-28,19.375,27.315
Adilabad,2020-11-27,21.945,30.46
Adilabad,2020-11-26,19.95,32.49
Adilabad,2020-11-25,15.97,33.13
Adilabad,2020-11-24,16.895,32.75
Adilabad,2020-11-23,17.36,33.07
Adilabad,2020-11-22,20.05,32.97
Adilabad,2020-11-21,23.83,34.835
Adilabad,2020-11-20,24.03,34.745
Adilabad,2020-11-19,23.23,33.8
Adilabad,2020-11-18,22.155,34.93
Adilabad,2020-11-17,21.595,34.215
Adilabad,2020-11-16,20.66,34.82
Adilabad,2020-11-15,18.9,34.83
Adilabad,2020-11-14,20.6,33.82
Adilabad,2020-11-13,22.92,33.24
Adilabad,2020-11-11,14.29,31.41
Adilabad,2020-11-10,14.335,32.38
Adilabad,2020-11-09,14.825,32.24
Adilabad,2020-11-08,15.505,33.1
Adilabad,2020-11-07,17.7,33.79
Adilabad,2020-11-06,16.69,34.515
Adilabad,2020-11-05,16.7,34.145
Adilabad,2020-11-04,18.265,34.075
Adilabad,2020-11-03,19.39,33.92
Adilabad,2020-11-02,19.46,34.06
Adilabad,2020-11-01,19.39,33.375
Adilabad,2020-10-31,22.04,34.19
Adilabad,2020-10-30,21.845,35.445
Adilabad,2020-10-29,19.175,35.53
Adilabad,2020-10-28,20.355,35.005
Adilabad,2020-10-27,22.06,34.675
Adilabad,2020-10-26,23.42,35.375
Adilabad,2020-10-25,22.4,35.675
Adilabad,2020-10-24,21.635,35.615
Adilabad,2020-10-23,21.1,35.43
Adilabad,2020-10-22,22.615,35.145
Adilabad,2020-10-21,22.915,35.215
Adilabad,2020-10-20,24.39,35.175
Adilabad,2020-10-19,23.215,35.845
Adilabad,2020-10-18,24.33,33.1
Adilabad,2020-10-17,24.915,32.63
Adilabad,2020-10-16,24.9,31.25
Adilabad,2020-10-15,24.515,32.79
Adilabad,2020-10-14,25.2,31.345
Adilabad,2020-10-13,24.05,33.115
Adilabad,2020-10-12,24.33,32.6
Adilabad,2020-10-11,24.135,34.745
Adilabad,2020-10-10,24.46,34.96
Adilabad,2020-10-09,24.9,32.475
Adilabad,2020-10-08,22.645,28.215
Adilabad,2020-10-07,24.9,33.345
Adilabad,2020-10-06,24.39,35.53
Adilabad,2020-10-05,23.23,35.63
Adilabad,2020-10-04,22.4,35.46
Adilabad,2020-10-03,23.9,35.515
Adilabad,2020-10-02,24.645,34.02
Adilabad,2020-10-01,24.73,35.315
Adilabad,2020-09-30,24.9,33.83
Adilabad,2020-09-29,24.9,35.315
Adilabad,2020-09-28,24.9,33.615
Adilabad,2020-09-27,24.9,32.705
Adilabad,2020-09-26,25.345,33.8
Adilabad,2020-09-25,26.48,34.13
Adilabad,2020-09-24,26,32.76
Adilabad,2020-09-23,25.135,33.13
Adilabad,2020-09-22,24.9,32.96
Adilabad,2020-09-21,25,34.86
Adilabad,2020-09-20,26.48,35.505
Adilabad,2020-09-19,26.565,30.2
Adilabad,2020-09-18,26.905,35.53
Adilabad,2020-09-17,25.6,35.815
Adilabad,2020-09-16,25,34.705
Adilabad,2020-09-15,25.03,34.615
Adilabad,2020-09-14,24.815,33.545
Adilabad,2020-09-13,26.43,35.505
Adilabad,2020-09-12,24.9,33.29
Adilabad,2020-09-11,24.23,33.1
Adilabad,2020-09-10,26.1,35.39
Adilabad,2020-09-09,25.3,35.815
Adilabad,2020-09-08,24.93,34.79
Adilabad,2020-09-07,24.545,35.645
Adilabad,2020-09-06,25.615,34.435
Adilabad,2020-09-05,25.905,36.51
Adilabad,2020-09-04,24.135,35.52
Adilabad,2020-09-03,24.415,33.245
Adilabad,2020-09-02,25.215,34.465
Adilabad,2020-09-01,24.305,35.505
Adilabad,2020-08-31,24.135,35.66
Adilabad,2020-08-30,23.795,30.72
Adilabad,2020-08-29,25.3075,29.11
Adilabad,2020-08-28,24.9,27.86
Adilabad,2020-08-27,25.2,31.805
Adilabad,2020-08-26,25.0075,34.3375
Adilabad,2020-08-25,24.615,34.275
Adilabad,2020-08-24,23.8575,34.21
Adilabad,2020-08-23,25.545,32.745
Adilabad,2020-08-22,24.845,29.4225
Adilabad,2020-08-21,24.515,28.4025
Adilabad,2020-08-20,24.305,29.715
Adilabad,2020-08-19,24.23,27.1675
Adilabad,2020-08-18,24.475,26.36
Adilabad,2020-08-17,23.96,25.76
Adilabad,2020-08-16,24.9,28.1
Adilabad,2020-08-15,23.7,29.93
Adilabad,2020-08-14,24.815,28.23
Adilabad,2020-08-13,23.8,30.3675
Adilabad,2020-08-12,25.2,28.72
Adilabad,2020-08-11,23.88,27.13
Adilabad,2020-08-10,24.43,28.635
Adilabad,2020-08-09,26.315,33.49
Adilabad,2020-08-08,27.075,35.4975
Adilabad,2020-08-07,26.82,32.6225
Adilabad,2020-08-06,25.78,33
Adilabad,2020-08-05,26.39,32.66
Adilabad,2020-08-04,25.915,33.36
Adilabad,2020-08-03,25.9,37.53
Adilabad,2020-08-02,25.5,35.96
Adilabad,2020-08-01,26.33,37.405
Adilabad,2020-07-31,26.3,35.55
Adilabad,2020-07-30,25.4,33.6975
Adilabad,2020-07-29,23.86,35.9
Adilabad,2020-07-28,26.575,37.815
Adilabad,2020-07-27,26.175,36.12
Adilabad,2020-07-26,24.615,35.245
Adilabad,2020-07-25,25.3175,35.215
Adilabad,2020-07-24,24.2,28.215
Adilabad,2020-07-23,23.8725,35.875
Adilabad,2020-07-22,26.11,35.215
Adilabad,2020-07-21,26.1,35.135
Adilabad,2020-07-20,25.6825,35.5225
Adilabad,2020-07-19,27.475,35.91
Adilabad,2020-07-18,26.05,33.8875
Adilabad,2020-07-17,25.745,32.875
Adilabad,2020-07-16,25.1,28.95
Adilabad,2020-07-15,25.1,33.83
Adilabad,2020-07-14,27.16,34.01
Adilabad,2020-07-13,24.9,35.59
Adilabad,2020-07-12,27.515,34.86
Adilabad,2020-07-11,26.79,32.8575
Adilabad,2020-07-10,24.975,34.56
Adilabad,2020-07-09,26.905,36.0575
Adilabad,2020-07-08,24.23,33.315
Adilabad,2020-07-07,26.86,30.715
Adilabad,2020-07-06,24.415,33.71
Adilabad,2020-07-05,27.2,32.845
Adilabad,2020-07-04,26.8175,35.13
Adilabad,2020-07-03,26.3525,36.3225
Adilabad,2020-07-02,27.2025,35.68
Adilabad,2020-07-01,25.6575,36.7525
Adilabad,2020-05-31,31.43,42.33
Adilabad,2020-05-30,30.93,44.5
Adilabad,2020-05-29,31.905,44.76
Adilabad,2020-05-28,32.645,45.545
Adilabad,2020-05-27,31.71,45.73
Adilabad,2020-05-26,34.515,45.63
Adilabad,2020-05-25,32.69,45.8
Adilabad,2020-05-24,32.33,45.415
Adilabad,2020-05-23,30.875,45.045
Adilabad,2020-05-22,28.035,43.43
Adilabad,2020-05-21,29.775,43.375
Adilabad,2020-05-20,28.33,41.745
Adilabad,2020-05-19,28.415,42.535
Adilabad,2020-05-18,30.16,42
Adilabad,2020-05-17,27.715,41.8
Adilabad,2020-05-16,29.22,41.045
Adilabad,2020-05-15,31.15,42.32
Adilabad,2020-05-13,29.91,41.76
Adilabad,2020-05-12,27.075,40.1
Adilabad,2020-05-11,26.39,38.905
Adilabad,2020-05-10,28.66,42.99
Adilabad,2020-05-09,29.8,42.475
Adilabad,2020-05-08,31.475,41.215
Adilabad,2020-05-07,29.59,42.96
Adilabad,2020-05-06,32.43,43.33
Adilabad,2020-05-05,31.765,44.075
Adilabad,2020-05-04,28.25,43.715
Adilabad,2020-05-03,29.96,43.245
Adilabad,2020-05-02,28.56,41.915
Adilabad,2020-05-01,29.6,41.75
Adilabad,2020-04-30,29.25,41.015
Adilabad,2020-04-29,25.02,39.745
Adilabad,2020-04-28,26.615,39.99
Adilabad,2020-04-27,27.16,40.735
Adilabad,2020-04-26,26.905,40.79
Adilabad,2020-04-25,28.4,41.56
Adilabad,2020-04-24,29.4,42.4
Adilabad,2020-04-23,28.65,41.205
Adilabad,2020-04-22,25.205,41.23
Adilabad,2020-04-21,26.335,41.215
Adilabad,2020-04-20,26.805,39.435
Adilabad,2020-04-19,28.045,42.315
Adilabad,2020-04-18,28.91,42.115
Adilabad,2020-04-17,28.91,42.1
Adilabad,2020-04-16,26.545,41.59
Adilabad,2020-04-15,27.635,41.975
Adilabad,2020-04-14,25.56,41.76
Adilabad,2020-04-13,27.515,40.915
Adilabad,2020-04-12,24.815,39.795
Adilabad,2020-04-11,24.9,39.92
Adilabad,2020-04-10,24.815,39.615
Adilabad,2020-04-09,22.79,40.02
Adilabad,2020-04-08,25.5,39.46
Adilabad,2020-04-07,23.115,40.65
Adilabad,2020-04-06,24.22,38.805
Adilabad,2020-04-05,23.965,39.305
Adilabad,2020-04-04,24.645,39.495
Adilabad,2020-04-03,25.9,39.73
Adilabad,2020-04-02,23.615,39.315
Adilabad,2020-04-01,23.575,38.83
Adilabad,2020-03-31,22.66,38.365
Adilabad,2020-03-30,22.4,38.375
Adilabad,2020-03-29,23.06,38.39
Adilabad,2020-03-28,24.305,39.3
Adilabad,2020-03-27,22.775,37.9
Adilabad,2020-03-26,22.4,37.83
Adilabad,2020-03-25,23.945,38.045
Adilabad,2020-03-24,24.96,38.115
Adilabad,2020-03-23,20.735,37.83
Adilabad,2020-03-22,19.29,37.415
Adilabad,2020-03-21,22.4,37.915
Adilabad,2020-03-20,21.89,38
Adilabad,2020-03-19,22.23,36.89
Adilabad,2020-03-18,22.43,37.46
Adilabad,2020-03-17,22.4,36.12
Adilabad,2020-03-16,22.315,35.35
Adilabad,2020-03-15,22.23,33.515
Adilabad,2020-03-14,22.945,34.69
Adilabad,2020-03-13,24.5,36.13
Adilabad,2020-03-12,23.015,36.13
Adilabad,2020-03-11,24.9,36.46
Adilabad,2020-03-10,22.315,33.935
Adilabad,2020-03-09,22.23,34.7
Adilabad,2020-03-08,24.175,35.215
Adilabad,2020-03-07,22.415,35.26
Adilabad,2020-03-06,22.86,35.53
Adilabad,2020-03-05,18.52,36.315
Adilabad,2020-03-04,21.8,36.23
Adilabad,2020-03-03,22.935,35.56
Adilabad,2020-03-02,21.3,34.775
Adilabad,2020-03-01,19.85,35.3
Adilabad,2020-02-29,21.8,35.345
Adilabad,2020-02-28,17.16,33.575
Adilabad,2020-02-27,19.405,32.275
Adilabad,2020-02-26,19.63,33.045
Adilabad,2020-02-25,21.63,35.73
Adilabad,2020-02-24,23.71,35.8
Adilabad,2020-02-23,22.6,35.29
Adilabad,2020-02-22,21.415,33.215
Adilabad,2020-02-21,20.16,34.1
Adilabad,2020-02-20,21.435,35.345
Adilabad,2020-02-19,16.41,33.9
Adilabad,2020-02-18,16.385,33.475
Adilabad,2020-02-17,18.315,34.19
Adilabad,2020-02-16,16.035,33.5
Adilabad,2020-02-15,17.235,34.605
Adilabad,2020-02-14,17.965,32.96
Adilabad,2020-02-13,17.445,31.665
Adilabad,2020-02-12,18.115,31.315
Adilabad,2020-02-11,19.36,30.16
Adilabad,2020-02-10,15.16,27.675
Adilabad,2020-02-09,16.97,24.715
Adilabad,2020-02-08,20.715,31.905
Adilabad,2020-02-07,19.515,32.905
Adilabad,2020-02-06,18.595,31.195
Adilabad,2020-02-05,21.145,33.01
Adilabad,2020-02-04,20.03,31.145
Adilabad,2020-02-03,19.4,29.53
Adilabad,2020-02-02,18.53,29.965
Adilabad,2020-02-01,18.33,29.675
Adilabad,2020-01-31,15.505,29.42
Adilabad,2020-01-30,17.13,31.06
Adilabad,2020-01-29,19.545,32.745
Adilabad,2020-01-28,21.975,35.2
Adilabad,2020-01-27,17.77,31.99
Adilabad,2020-01-26,17.335,32.3
Adilabad,2020-01-25,17.77,31.58
Adilabad,2020-01-24,18.11,33.045
Adilabad,2020-01-23,19.93,32.745
Adilabad,2020-01-22,19.745,32.35
Adilabad,2020-01-21,17.685,28.03
Adilabad,2020-01-20,17.345,30.9
Adilabad,2020-01-19,18.435,30.345
Adilabad,2020-01-18,18.145,29.6
Adilabad,2020-01-17,19.26,30.56
Adilabad,2020-01-16,18.33,31.62
Adilabad,2020-01-15,19.37,32.915
Adilabad,2020-01-14,15.255,30.415
Adilabad,2020-01-13,14.2,28.15
Adilabad,2020-01-12,14.075,27.855
Adilabad,2020-01-11,12.46,25.685
Adilabad,2020-01-10,13.895,24.945
Adilabad,2020-01-09,20.875,30.99
Adilabad,2020-01-08,20.76,30.415
Adilabad,2020-01-07,16.875,29.225
Adilabad,2020-01-06,16.275,27.13
Adilabad,2020-01-05,17.06,25.775
Adilabad,2020-01-04,16.76,23.09
Adilabad,2020-01-03,17.36,28.31
Adilabad,2020-01-02,19.615,30.06
Adilabad,2020-01-01,19.315,27.745
Adilabad,2019-12-31,19.245,27.93
Adilabad,2019-12-30,15.165,28.03
Adilabad,2019-12-29,14.085,26.43
Adilabad,2019-12-28,12.56,25.415
Adilabad,2019-12-27,19.305,26.29
Adilabad,2019-12-26,22.4,30.43
Adilabad,2019-12-25,19.605,30.3
Adilabad,2019-12-24,17.805,30.7
Adilabad,2019-12-23,19.93,30.73
Adilabad,2019-12-22,17.77,30.745
Adilabad,2019-12-21,16.915,30.835
Adilabad,2019-12-20,17.515,30.615
Adilabad,2019-12-19,16.435,30.53
Adilabad,2019-12-18,18.06,30.045
Adilabad,2019-12-17,19.415,30.02
Adilabad,2019-12-16,19.16,32.505
Adilabad,2019-12-15,19.89,32.6
Adilabad,2019-12-14,21.475,32.21
Adilabad,2019-12-13,20.36,30.87
Adilabad,2019-12-12,17.58,31.3925
Adilabad,2019-12-11,16.89,30.5
Adilabad,2019-12-10,14.96,30.615
Adilabad,2019-12-09,17.315,29.96
Adilabad,2019-12-08,16.545,29.93
Adilabad,2019-12-07,14.66,29.96
Adilabad,2019-12-06,14.705,30.515
Adilabad,2019-12-05,17.62,30.7
Adilabad,2019-12-04,17.82,31.01
Adilabad,2019-12-03,20.48,32.715
Adilabad,2019-12-02,20.375,31.215
Adilabad,2019-12-01,18.345,30.965
Adilabad,2019-11-30,19.195,32.615
Adilabad,2019-11-29,20.19,32.515
Adilabad,2019-11-28,17.33,31.35
Adilabad,2019-11-27,17.29,31.375
Adilabad,2019-11-26,16.63,33.1
Adilabad,2019-11-25,16.245,31.69
Adilabad,2019-11-24,16.445,30.76
Adilabad,2019-11-23,16.715,32.345
Adilabad,2019-11-22,17.55,32.175
Adilabad,2019-11-21,17.855,31.62
Adilabad,2019-11-20,16.215,32.66
Adilabad,2019-11-19,17.46,30.915
Adilabad,2019-11-18,17.455,31.51
Adilabad,2019-11-17,18.43,32.615
Adilabad,2019-11-16,19.2,31.45
Adilabad,2019-11-15,18.705,31.365
Adilabad,2019-11-14,17.26,30.43
Adilabad,2019-11-13,18.24,32.615
Adilabad,2019-11-12,19.875,33.005
Adilabad,2019-11-11,19.735,32.605
Adilabad,2019-11-10,19.345,32.2
Adilabad,2019-11-09,21.53,33.19
Adilabad,2019-11-08,21.805,34.515
Adilabad,2019-11-07,22.145,34.575
Adilabad,2019-11-06,21.975,33.275
Adilabad,2019-11-05,22.145,33.5
Adilabad,2019-11-04,22.4,33.93
Adilabad,2019-11-03,22.315,32.165
Adilabad,2019-11-02,24.815,32.675
Adilabad,2019-11-01,24.9,32.08
Adilabad,2019-10-31,23.545,32.83
Adilabad,2019-10-30,22.315,35.215
Adilabad,2019-10-29,22.76,33.215
Adilabad,2019-10-28,22.535,33.63
Adilabad,2019-10-27,22.445,33.13
Adilabad,2019-10-26,23.03,29.345
Adilabad,2019-10-25,23.23,30.115
Adilabad,2019-10-24,23.88,31.7
Adilabad,2019-10-23,22.4,32.645
Adilabad,2019-10-22,22.475,30.41
Adilabad,2019-10-21,23.015,31.315
Adilabad,2019-10-20,22.8,30.515
Adilabad,2019-10-19,23.015,30.425
Adilabad,2019-10-18,22.815,32.89
Adilabad,2019-10-17,21.715,33.245
Adilabad,2019-10-16,20.26,33.415
Adilabad,2019-10-15,20.5,34.035
Adilabad,2019-10-14,22.4,33.215
Adilabad,2019-10-13,22.675,33.215
Adilabad,2019-10-12,24.9,32.6
Adilabad,2019-10-11,24.345,33.68
Adilabad,2019-10-10,23.015,33.33
Adilabad,2019-10-09,22.63,33.215
Adilabad,2019-10-08,22.73,33.33
Adilabad,2019-10-07,23.03,35.12
Adilabad,2019-10-06,22.415,34.02
Adilabad,2019-10-05,22.615,33.98
Adilabad,2019-10-04,23.7,34.035
Adilabad,2019-10-03,23.045,33.56
Adilabad,2019-10-02,24.815,35.335
Adilabad,2019-10-01,24.26,35.03
Adilabad,2019-09-30,23.13,35.7
Adilabad,2019-09-29,24.73,35.06
Adilabad,2019-09-28,24.49,32.885
Adilabad,2019-09-27,24.9,32.615
Adilabad,2019-09-26,24.9,32.66
Adilabad,2019-09-25,24.9,32.005
Adilabad,2019-09-24,24.9,35.445
Adilabad,2019-09-23,24.9,35.415
Adilabad,2019-09-22,24.9,35.415
Adilabad,2019-09-21,23.965,35.075
Adilabad,2019-09-20,24.73,32.115
Adilabad,2019-09-19,24.4,31.855
Adilabad,2019-09-18,22.815,32.92
Adilabad,2019-09-17,24.9225,32.7
Adilabad,2019-09-16,24.9,32.6675
Adilabad,2019-09-15,24.475,32.515
Adilabad,2019-09-14,24.305,33.315
Adilabad,2019-09-13,24.36,27.545
Adilabad,2019-09-12,24.9,32.46
Adilabad,2019-09-11,26.03,32.775
Adilabad,2019-09-09,25.015,32.09
Adilabad,2019-09-08,25.815,30.19
Adilabad,2019-09-07,24.515,29.645
Adilabad,2019-09-06,25,32.675
Adilabad,2019-09-05,24.3,28.115
Adilabad,2019-09-04,24.645,30.16
Adilabad,2019-09-03,25.06,29.765
Adilabad,2019-09-02,24.9,32.645
Adilabad,2019-09-01,25.1,33.46
Adilabad,2019-08-31,25.215,34.715
Adilabad,2019-08-30,26.1,34.96
Adilabad,2019-08-29,24.9,35.23
Adilabad,2019-08-28,24.305,32.675
Adilabad,2019-08-27,24.105,30.575
Adilabad,2019-08-26,24.915,29.7
Adilabad,2019-08-25,25.315,32.69
Adilabad,2019-08-24,25.015,29.645
Adilabad,2019-08-23,24.9,32.36
Adilabad,2019-08-22,25.415,32.6
Adilabad,2019-08-21,25.6,33.115
Adilabad,2019-08-20,25.93,33.72
Adilabad,2019-08-19,25.315,33.315
Adilabad,2019-08-18,25.745,35.23
Adilabad,2019-08-17,25.145,34.435
Adilabad,2019-08-16,26.35,34.86
Adilabad,2019-08-15,25.26,32.43
Adilabad,2019-08-14,24.9,29.845
Adilabad,2019-08-13,26,33.015
Adilabad,2019-08-12,25.33,34.805
Adilabad,2019-08-11,25.4,34.86
Adilabad,2019-08-10,25.735,32.375
Adilabad,2019-08-09,24.73,27.265
Adilabad,2019-08-08,24.73,28.455
Adilabad,2019-08-07,24.93,30.6
Adilabad,2019-08-06,25.615,32.66
Adilabad,2019-08-05,26.275,33.03
Adilabad,2019-08-04,24.9,27.43
Adilabad,2019-08-03,24.645,28.58
Adilabad,2019-08-02,24.9,28.795
Adilabad,2019-08-01,24.645,30.615
Adilabad,2019-07-31,23.46,26.09
Adilabad,2019-07-30,23.115,25.74
Adilabad,2019-07-29,24.515,30.1
Adilabad,2019-07-28,24.035,29.6
Adilabad,2019-07-27,24.3,28.1
Adilabad,2019-07-26,24.9,35.035
Adilabad,2019-07-25,28.515,37.83
Adilabad,2019-07-24,28.245,37.39
Adilabad,2019-07-23,27.715,36.61
Adilabad,2019-07-22,27.33,36.695
Adilabad,2019-07-21,25.215,35.375
Adilabad,2019-07-20,27.5,37.545
Adilabad,2019-07-19,26.42,38.215
Adilabad,2019-07-18,27.515,37.915
Adilabad,2019-07-17,27.5,37.8
Adilabad,2019-07-16,27.5,37.575
Adilabad,2019-07-15,27.5,36.745
Adilabad,2019-07-14,27.73,36.445
Adilabad,2019-07-13,27.16,36.805
Adilabad,2019-07-12,25.745,33.015
Adilabad,2019-07-11,25.54,36.31
Adilabad,2019-07-10,24.9,33.85
Adilabad,2019-07-09,25.115,33.545
Adilabad,2019-07-08,26,33.385
Adilabad,2019-07-07,26.13,33.925
Adilabad,2019-07-06,25.315,33.6
Adilabad,2019-07-05,26.82,35.545
Adilabad,2019-07-04,26.215,32.345
Adilabad,2019-07-03,24.915,32.93
Adilabad,2019-07-02,24.6,30.815
Adilabad,2019-07-01,24.135,30.7
Adilabad,2019-06-30,24.53,35.365
Adilabad,2019-06-29,26.075,36.125
Adilabad,2019-06-28,27.5,38.135
Adilabad,2019-06-27,27.895,39.8
Adilabad,2019-06-26,29.42,38.565
Adilabad,2019-06-25,28.215,37.83
Adilabad,2019-06-24,25.015,36.015
Adilabad,2019-06-23,25.7,36.73
Adilabad,2019-06-22,27.03,39.275
Adilabad,2019-06-21,27.5,40.26
Adilabad,2019-06-20,32.63,41.11
Adilabad,2019-06-19,31.62,41.305
Adilabad,2019-06-18,30.645,39.9
Adilabad,2019-06-17,29.02,40.79
Adilabad,2019-06-16,32.175,42.5
Adilabad,2019-06-15,32.515,41.475
Adilabad,2019-06-14,31.045,40.835
Adilabad,2019-06-13,30.13,42.615
Adilabad,2019-06-12,33.145,43.2
Adilabad,2019-06-11,30.16,44.515
Adilabad,2019-06-10,32.9,43.35
Adilabad,2019-06-09,31.03,40.095
Adilabad,2019-06-08,28.23,44.715
Adilabad,2019-06-07,32.43,45.475
Adilabad,2019-06-06,32.615,44.815
Adilabad,2019-06-05,30.705,42.245
Adilabad,2019-06-04,30.115,45.13
Adilabad,2019-06-03,34.265,44.845
Adilabad,2019-06-02,30.235,40.88
Adilabad,2019-06-01,32.345,44.815
Adilabad,2019-05-31,33.6,44.23
Adilabad,2019-05-30,31.97,46.79
Adilabad,2019-05-29,34.69,46.19
Adilabad,2019-05-28,34.79,46.14
Adilabad,2019-05-27,33.49,46.15
Adilabad,2019-05-26,32.98,44.98
Adilabad,2019-05-25,33.24,45.47
Adilabad,2019-05-24,33.87,45.99
Adilabad,2019-05-23,35.06,45.1
Adilabad,2019-05-22,32.89,46.19
Adilabad,2019-05-21,33.52,45.1
Adilabad,2019-05-20,29.54,44.28
Adilabad,2019-05-19,30.88,43.4
Adilabad,2019-05-18,32.49,44.28
Adilabad,2019-05-17,32.38,44.09
Adilabad,2019-05-16,32.53,44.57
Adilabad,2019-05-15,32.15,43.09
Adilabad,2019-05-14,29.99,43.1
Adilabad,2019-05-13,31.36,43.9
Adilabad,2019-05-12,31.45,42.89
Adilabad,2019-05-11,31.08,43.57
Adilabad,2019-05-10,32.25,43.57
Adilabad,2019-05-09,32.66,44.07
Adilabad,2019-05-08,32.8,44.58
Adilabad,2019-05-07,32.32,42.99
Adilabad,2019-05-06,29.14,42.85
Adilabad,2019-05-05,31.38,42.86
Adilabad,2019-05-04,29.6,41.4
Adilabad,2019-05-03,28.7,44.54
Adilabad,2019-05-02,30.7,43.8
Adilabad,2019-05-01,30.16,44.49
Adilabad,2019-04-30,32.76,44.8
Adilabad,2019-04-29,32.97,45.2
Adilabad,2019-04-28,33.78,45
Adilabad,2019-04-27,33.28,45.38
Adilabad,2019-04-26,32.4,44.19
Adilabad,2019-04-25,31.13,42.98
Adilabad,2019-04-24,28.29,42.18
Adilabad,2019-04-23,27.36,39.4
Adilabad,2019-04-22,29.1,40.89
Adilabad,2019-04-21,29.09,40.99
Adilabad,2019-04-20,27.78,41.55
Adilabad,2019-04-19,27.17,39.5
Adilabad,2019-04-18,27.08,38.09
Adilabad,2019-04-17,25.14,39.98
Adilabad,2019-04-16,25.43,42.85
Adilabad,2019-04-15,31.4,43.6
Adilabad,2019-04-14,28.16,42.7
Adilabad,2019-04-13,28.59,42.76
Adilabad,2019-04-12,30.59,43.88
Adilabad,2019-04-11,30.2,43.26
Adilabad,2019-04-10,29.27,42.5
Adilabad,2019-04-09,29.45,42.3
Adilabad,2019-04-08,28.47,42.24
Adilabad,2019-04-07,27.7,41.89
Adilabad,2019-04-06,28.87,40.94
Adilabad,2019-04-05,27.08,41
Adilabad,2019-04-04,28.2,41.77
Adilabad,2019-04-03,28.2,42.37
Adilabad,2019-04-02,25.2,42.65
Adilabad,2019-04-01,26.59,42.79
Adilabad,2019-03-31,27.99,42.29
Adilabad,2019-03-30,26.74,41.4
Adilabad,2019-03-29,24.89,40.57
Adilabad,2019-03-28,25.81,39.89
Adilabad,2019-03-27,23.99,40.6
Adilabad,2019-03-26,26.49,40.3
Adilabad,2019-03-25,24.5,39.08
Adilabad,2019-03-24,24.57,38.89
Adilabad,2019-03-23,24.69,37.9
Adilabad,2019-03-22,24.27,37.78
Adilabad,2019-03-21,24.29,38.57
Adilabad,2019-03-20,26.69,38.8
Adilabad,2019-03-19,24.3,38.59
Adilabad,2019-03-18,24.58,38.67
Adilabad,2019-03-17,26.59,38.8
Adilabad,2019-03-16,23.84,38.96
Adilabad,2019-03-15,23.99,38.38
Adilabad,2019-03-14,22.9,38.97
Adilabad,2019-03-13,26.95,38.48
Adilabad,2019-03-12,25.06,38.87
Adilabad,2019-03-11,23.8,38.8
Adilabad,2019-03-10,22.53,37.99
Adilabad,2019-03-09,20.46,37.7
Adilabad,2019-03-08,19.27,35.57
Adilabad,2019-03-07,19.36,35.36
Adilabad,2019-03-06,20.08,35.39
Adilabad,2019-03-05,22.99,37.99
Adilabad,2019-03-04,23.17,37.89
Adilabad,2019-03-03,24.88,35.18
Adilabad,2019-03-02,21.58,35.33
Adilabad,2019-03-01,18.58,33.89
Adilabad,2019-02-28,19.26,35.96
Adilabad,2019-02-27,18.97,36.17
Adilabad,2019-02-26,20.65,36.57
Adilabad,2019-02-25,22.88,38.66
Adilabad,2019-02-24,22.99,37.9
Adilabad,2019-02-23,24.78,37.7
Adilabad,2019-02-22,25.38,37.57
Adilabad,2019-02-21,26.02,36.78
Adilabad,2019-02-20,25.29,37.27
Adilabad,2019-02-19,21.49,34.6
Adilabad,2019-02-18,16.12,33.5
Adilabad,2019-02-17,18.95,34.69
Adilabad,2019-02-16,19.77,35.9
Adilabad,2019-02-15,24.44,36.8
Adilabad,2019-02-14,21.17,36.17
Adilabad,2019-02-13,19.29,34.87
Adilabad,2019-02-12,19.3,34.6
Adilabad,2019-02-11,15.55,32
Adilabad,2019-02-10,13.48,29.5
Adilabad,2019-02-09,14.98,34.47
Adilabad,2019-02-08,19.48,34.6
Adilabad,2019-02-07,22.4,35.5
Adilabad,2019-02-06,17.73,34.6
Adilabad,2019-02-05,16.88,34.6
Adilabad,2019-02-04,16.15,32.99
Adilabad,2019-02-03,16.66,32.77
Adilabad,2019-02-02,16.98,32.19
Adilabad,2019-02-01,15.29,34.42
Adilabad,2019-01-31,8.8,29.35
Adilabad,2019-01-30,7.8,26.9
Adilabad,2019-01-29,11.78,27.27
Adilabad,2019-01-28,13.96,25.07
Adilabad,2019-01-27,18.36,24.21
Adilabad,2019-01-26,20.38,31.91
Adilabad,2019-01-25,19.68,34.44
Adilabad,2019-01-24,17.56,34.6
Adilabad,2019-01-23,21.3,34.42
Adilabad,2019-01-22,21.1,34.6
Adilabad,2019-01-21,15.38,35.27
Adilabad,2019-01-20,12.4,34.6
Adilabad,2019-01-19,16.47,32.55
Adilabad,2019-01-18,14.19,32.4
Adilabad,2019-01-17,12.19,32.1
Adilabad,2019-01-16,13.89,29.42
Adilabad,2019-01-15,16.64,30.39
Adilabad,2019-01-14,15.67,32.84
Adilabad,2019-01-13,19.31,34.6
Adilabad,2019-01-12,17.4,32.77
Adilabad,2019-01-11,13.39,31.28
Adilabad,2019-01-10,12.4,31.55
Adilabad,2019-01-09,11.66,28.41
Adilabad,2019-01-08,13,29.5
Adilabad,2019-01-07,15.39,34.41
Adilabad,2019-01-06,16.04,34.4
Adilabad,2019-01-05,14.59,34.63
Adilabad,2019-01-04,15.27,34.6
Adilabad,2019-01-03,13.5,35.28
Adilabad,2019-01-02,12.32,32.1
Adilabad,2019-01-01,11.03,30.31